{
  "forfait": {
    "precision": 0.8767123287671232,
    "recall": 0.8648648648648649,
    "f1-score": 0.870748299319728,
    "support": 148,
    "confused_with": {
      "forfait_ehdia": 10
    }
  },
  "type_request": {
    "precision": 0.9666666666666667,
    "recall": 1.0,
    "f1-score": 0.983050847457627,
    "support": 29,
    "confused_with": {}
  },
  "forfait_ehdia": {
    "precision": 0.7758620689655172,
    "recall": 0.8333333333333334,
    "f1-score": 0.8035714285714286,
    "support": 54,
    "confused_with": {
      "forfait": 7
    }
  },
  "micro avg": {
    "precision": 0.8632478632478633,
    "recall": 0.8744588744588745,
    "f1-score": 0.8688172043010755,
    "support": 231
  },
  "macro avg": {
    "precision": 0.8730803547997691,
    "recall": 0.8993993993993995,
    "f1-score": 0.885790191782928,
    "support": 231
  },
  "weighted avg": {
    "precision": 0.864429912186171,
    "recall": 0.8744588744588745,
    "f1-score": 0.8691432035430652,
    "support": 231
  },
  "accuracy": 0.9762162162162162
}